<component name="ProjectRunConfigurationManager">
  <configuration default="false" name="LiquidityBitmapTest.setInRage.should set and unset bits cross the map index correctly" type="mocha-javascript-test-runner" nameIsGenerated="true">
    <node-interpreter>project</node-interpreter>
    <node-options />
    <mocha-package>$PROJECT_DIR$/node_modules/mocha</mocha-package>
    <working-directory>$PROJECT_DIR$</working-directory>
    <pass-parent-env>true</pass-parent-env>
    <ui>bdd</ui>
    <extra-mocha-options />
    <test-kind>TEST</test-kind>
    <test-file>$PROJECT_DIR$/test/libraries/position/LiquidityBitmap.spec.ts</test-file>
    <test-names>
      <name value="LiquidityBitmapTest" />
      <name value="setInRage" />
      <name value="should set and unset bits cross the map index correctly" />
    </test-names>
    <method v="2">
      <option name="NpmBeforeRunTask" enabled="true">
        <package-json value="$PROJECT_DIR$/package.json" />
        <command value="run" />
        <scripts>
          <script value="compile" />
        </scripts>
        <node-interpreter value="project" />
        <envs />
      </option>
      <option name="NpmBeforeRunTask" enabled="true">
        <package-json value="$PROJECT_DIR$/package.json" />
        <command value="run" />
        <scripts>
          <script value="compile" />
        </scripts>
        <node-interpreter value="project" />
        <envs />
      </option>
    </method>
  </configuration>
</component>